{
  "model_name": "RandomForest",
  "timestamp": "2025-11-24T15:17:37.590449",
  "cv_results": {
    "accuracy_mean": 0.7548586362556428,
    "accuracy_std": 0.041305998408531705,
    "f1_mean": 0.7542421044865527,
    "f1_std": 0.04152222295641335,
    "roc_auc_mean": 0.8465134168761296,
    "roc_auc_std": 0.02882540227666922
  },
  "test_results": {
    "accuracy": 0.7838427947598253,
    "precision": 0.7838482074752098,
    "recall": 0.7838427947598253,
    "f1": 0.7838417642768266,
    "roc_auc": 0.8509086401861138
  },
  "overfitting_analysis": {
    "cv_accuracy": 0.7548586362556428,
    "test_accuracy": 0.7838427947598253,
    "gap": -0.028984158504182567,
    "gap_percentage": -3.8396803205370893,
    "status": "[GOOD] GENERALIZATION"
  },
  "confusion_matrix": [
    [
      179,
      50
    ],
    [
      49,
      180
    ]
  ],
  "classification_report": {
    "0": {
      "precision": 0.7850877192982456,
      "recall": 0.7816593886462883,
      "f1-score": 0.7833698030634574,
      "support": 229.0
    },
    "1": {
      "precision": 0.782608695652174,
      "recall": 0.7860262008733624,
      "f1-score": 0.784313725490196,
      "support": 229.0
    },
    "accuracy": 0.7838427947598253,
    "macro avg": {
      "precision": 0.7838482074752098,
      "recall": 0.7838427947598253,
      "f1-score": 0.7838417642768267,
      "support": 458.0
    },
    "weighted avg": {
      "precision": 0.7838482074752098,
      "recall": 0.7838427947598253,
      "f1-score": 0.7838417642768266,
      "support": 458.0
    }
  },
  "fold_reports": [
    {
      "fold": 1,
      "accuracy": 0.7771739130434783,
      "precision": 0.7811938151743977,
      "recall": 0.7771739130434783,
      "f1": 0.7763746850452051,
      "roc_auc": 0.8444588846880907,
      "cm": [
        [
          66,
          26
        ],
        [
          15,
          77
        ]
      ]
    },
    {
      "fold": 2,
      "accuracy": 0.8315217391304348,
      "precision": 0.8347250387689371,
      "recall": 0.8315217391304348,
      "f1": 0.831117690599556,
      "roc_auc": 0.9098534971644612,
      "cm": [
        [
          72,
          20
        ],
        [
          11,
          81
        ]
      ]
    },
    {
      "fold": 3,
      "accuracy": 0.73224043715847,
      "precision": 0.732856190217911,
      "recall": 0.73224043715847,
      "f1": 0.7320003155883492,
      "roc_auc": 0.8381509794553272,
      "cm": [
        [
          64,
          27
        ],
        [
          22,
          70
        ]
      ]
    },
    {
      "fold": 4,
      "accuracy": 0.7431693989071039,
      "precision": 0.7444941215433019,
      "recall": 0.7431693989071039,
      "f1": 0.7427391068005608,
      "roc_auc": 0.830267558528428,
      "cm": [
        [
          64,
          27
        ],
        [
          20,
          72
        ]
      ]
    },
    {
      "fold": 5,
      "accuracy": 0.726775956284153,
      "precision": 0.735619840897182,
      "recall": 0.726775956284153,
      "f1": 0.7239553023675017,
      "roc_auc": 0.8190396559961777,
      "cm": [
        [
          57,
          34
        ],
        [
          16,
          76
        ]
      ]
    },
    {
      "fold": 6,
      "accuracy": 0.7431693989071039,
      "precision": 0.7454081073841091,
      "recall": 0.7431693989071039,
      "f1": 0.7424771124026155,
      "roc_auc": 0.8385093167701864,
      "cm": [
        [
          63,
          28
        ],
        [
          19,
          73
        ]
      ]
    },
    {
      "fold": 7,
      "accuracy": 0.6885245901639344,
      "precision": 0.6905332806636382,
      "recall": 0.6885245901639344,
      "f1": 0.6878536483686256,
      "roc_auc": 0.811395126612518,
      "cm": [
        [
          59,
          33
        ],
        [
          24,
          67
        ]
      ]
    },
    {
      "fold": 8,
      "accuracy": 0.7540983606557377,
      "precision": 0.7541433975860204,
      "recall": 0.7540983606557377,
      "f1": 0.7540983606557377,
      "roc_auc": 0.8505733397037745,
      "cm": [
        [
          69,
          23
        ],
        [
          22,
          69
        ]
      ]
    },
    {
      "fold": 9,
      "accuracy": 0.819672131147541,
      "precision": 0.8206829815966333,
      "recall": 0.819672131147541,
      "f1": 0.8195643858789052,
      "roc_auc": 0.8883182035355949,
      "cm": [
        [
          73,
          19
        ],
        [
          14,
          77
        ]
      ]
    },
    {
      "fold": 10,
      "accuracy": 0.73224043715847,
      "precision": 0.7322841686704837,
      "recall": 0.73224043715847,
      "f1": 0.7322404371584701,
      "roc_auc": 0.8345676063067368,
      "cm": [
        [
          67,
          25
        ],
        [
          24,
          67
        ]
      ]
    }
  ]
}