{
  "model_name": "LightGBM",
  "timestamp": "2025-11-24T15:17:42.323988",
  "cv_results": {
    "accuracy_mean": 0.8443989071038253,
    "accuracy_std": 0.027687883370730377,
    "f1_mean": 0.8441900799547124,
    "f1_std": 0.027716437173308545,
    "roc_auc_mean": 0.9243248068094477,
    "roc_auc_std": 0.013468084494954121
  },
  "test_results": {
    "accuracy": 0.868995633187773,
    "precision": 0.8691082498807821,
    "recall": 0.868995633187773,
    "f1": 0.86898563991075,
    "roc_auc": 0.9339543486966304
  },
  "overfitting_analysis": {
    "cv_accuracy": 0.8443989071038253,
    "test_accuracy": 0.868995633187773,
    "gap": -0.024596726083947695,
    "gap_percentage": -2.9129272760798757,
    "status": "[GOOD] GENERALIZATION"
  },
  "confusion_matrix": [
    [
      197,
      32
    ],
    [
      28,
      201
    ]
  ],
  "classification_report": {
    "0": {
      "precision": 0.8755555555555555,
      "recall": 0.8602620087336245,
      "f1-score": 0.8678414096916299,
      "support": 229.0
    },
    "1": {
      "precision": 0.8626609442060086,
      "recall": 0.8777292576419214,
      "f1-score": 0.8701298701298701,
      "support": 229.0
    },
    "accuracy": 0.868995633187773,
    "macro avg": {
      "precision": 0.8691082498807821,
      "recall": 0.868995633187773,
      "f1-score": 0.8689856399107501,
      "support": 458.0
    },
    "weighted avg": {
      "precision": 0.8691082498807821,
      "recall": 0.868995633187773,
      "f1-score": 0.86898563991075,
      "support": 458.0
    }
  },
  "fold_reports": [
    {
      "fold": 1,
      "accuracy": 0.8478260869565217,
      "precision": 0.8504761904761904,
      "recall": 0.8478260869565217,
      "f1": 0.8475378787878788,
      "roc_auc": 0.9317698487712666,
      "cm": [
        [
          74,
          18
        ],
        [
          10,
          82
        ]
      ]
    },
    {
      "fold": 2,
      "accuracy": 0.9021739130434783,
      "precision": 0.902935606060606,
      "recall": 0.9021739130434783,
      "f1": 0.902127659574468,
      "roc_auc": 0.9380907372400756,
      "cm": [
        [
          81,
          11
        ],
        [
          7,
          85
        ]
      ]
    },
    {
      "fold": 3,
      "accuracy": 0.7923497267759563,
      "precision": 0.7928600590415175,
      "recall": 0.7923497267759563,
      "f1": 0.7922256230984379,
      "roc_auc": 0.9105351170568562,
      "cm": [
        [
          70,
          21
        ],
        [
          17,
          75
        ]
      ]
    },
    {
      "fold": 4,
      "accuracy": 0.8360655737704918,
      "precision": 0.8362066600565128,
      "recall": 0.8360655737704918,
      "f1": 0.8360361948410601,
      "roc_auc": 0.9173435260391782,
      "cm": [
        [
          75,
          16
        ],
        [
          14,
          78
        ]
      ]
    },
    {
      "fold": 5,
      "accuracy": 0.8469945355191257,
      "precision": 0.8529644941763639,
      "recall": 0.8469945355191257,
      "f1": 0.8462781834045094,
      "roc_auc": 0.9419493549928333,
      "cm": [
        [
          71,
          20
        ],
        [
          8,
          84
        ]
      ]
    },
    {
      "fold": 6,
      "accuracy": 0.8415300546448088,
      "precision": 0.8464394662846836,
      "recall": 0.8415300546448088,
      "f1": 0.8409027332236996,
      "roc_auc": 0.9182990922121357,
      "cm": [
        [
          71,
          20
        ],
        [
          9,
          83
        ]
      ]
    },
    {
      "fold": 7,
      "accuracy": 0.8142076502732241,
      "precision": 0.8156304328744008,
      "recall": 0.8142076502732241,
      "f1": 0.8140410900744491,
      "roc_auc": 0.8995461060678452,
      "cm": [
        [
          72,
          20
        ],
        [
          14,
          77
        ]
      ]
    },
    {
      "fold": 8,
      "accuracy": 0.8469945355191257,
      "precision": 0.8471421535776479,
      "recall": 0.8469945355191257,
      "f1": 0.8469671151849895,
      "roc_auc": 0.9381270903010034,
      "cm": [
        [
          79,
          13
        ],
        [
          15,
          76
        ]
      ]
    },
    {
      "fold": 9,
      "accuracy": 0.8688524590163934,
      "precision": 0.869044401355348,
      "recall": 0.8688524590163934,
      "f1": 0.868844626506779,
      "roc_auc": 0.9332298136645963,
      "cm": [
        [
          79,
          13
        ],
        [
          11,
          80
        ]
      ]
    },
    {
      "fold": 10,
      "accuracy": 0.8469945355191257,
      "precision": 0.8476952440714305,
      "recall": 0.8469945355191257,
      "f1": 0.846939694850853,
      "roc_auc": 0.9143573817486861,
      "cm": [
        [
          76,
          16
        ],
        [
          12,
          79
        ]
      ]
    }
  ]
}