{
  "model_name": "LogisticRegression",
  "timestamp": "2025-11-25T18:38:59.224413",
  "cv_results": {
    "accuracy_mean": 0.7019363269185079,
    "accuracy_std": 0.023880228205436747,
    "f1_mean": 0.7016292129715902,
    "f1_std": 0.023790680417000956,
    "roc_auc_mean": 0.7594749709175512,
    "roc_auc_std": 0.02554967936098902
  },
  "test_results": {
    "accuracy": 0.6746724890829694,
    "precision": 0.6764524580058561,
    "recall": 0.6746724890829694,
    "f1": 0.6738499772982531,
    "roc_auc": 0.7554299117103029
  },
  "overfitting_analysis": {
    "cv_accuracy": 0.7019363269185079,
    "test_accuracy": 0.6746724890829694,
    "gap": 0.02726383783553854,
    "gap_percentage": 3.8840898796656473,
    "status": "[GOOD] GENERALIZATION"
  },
  "confusion_matrix": [
    [
      166,
      63
    ],
    [
      86,
      143
    ]
  ],
  "classification_report": {
    "0": {
      "precision": 0.6587301587301587,
      "recall": 0.7248908296943232,
      "f1-score": 0.6902286902286903,
      "support": 229.0
    },
    "1": {
      "precision": 0.6941747572815534,
      "recall": 0.6244541484716157,
      "f1-score": 0.657471264367816,
      "support": 229.0
    },
    "accuracy": 0.6746724890829694,
    "macro avg": {
      "precision": 0.6764524580058561,
      "recall": 0.6746724890829694,
      "f1-score": 0.6738499772982531,
      "support": 458.0
    },
    "weighted avg": {
      "precision": 0.6764524580058561,
      "recall": 0.6746724890829694,
      "f1-score": 0.6738499772982531,
      "support": 458.0
    }
  },
  "fold_reports": [
    {
      "fold": 1,
      "accuracy": 0.7010869565217391,
      "precision": 0.7016826638227279,
      "recall": 0.7010869565217391,
      "f1": 0.7008660695811533,
      "roc_auc": 0.7845581285444235,
      "cm": [
        [
          62,
          30
        ],
        [
          25,
          67
        ]
      ]
    },
    {
      "fold": 2,
      "accuracy": 0.7554347826086957,
      "precision": 0.7579028987236072,
      "recall": 0.7554347826086957,
      "f1": 0.7548482605477425,
      "roc_auc": 0.7943052930056711,
      "cm": [
        [
          65,
          27
        ],
        [
          18,
          74
        ]
      ]
    },
    {
      "fold": 3,
      "accuracy": 0.6612021857923497,
      "precision": 0.6612021857923497,
      "recall": 0.6612021857923497,
      "f1": 0.6612021857923497,
      "roc_auc": 0.7365026278069756,
      "cm": [
        [
          60,
          31
        ],
        [
          31,
          61
        ]
      ]
    },
    {
      "fold": 4,
      "accuracy": 0.7049180327868853,
      "precision": 0.7050512172669762,
      "recall": 0.7049180327868853,
      "f1": 0.7049004096402528,
      "roc_auc": 0.7741280458671763,
      "cm": [
        [
          65,
          26
        ],
        [
          28,
          64
        ]
      ]
    },
    {
      "fold": 5,
      "accuracy": 0.6939890710382514,
      "precision": 0.694287419131964,
      "recall": 0.6939890710382514,
      "f1": 0.693806181408224,
      "roc_auc": 0.745461060678452,
      "cm": [
        [
          61,
          30
        ],
        [
          26,
          66
        ]
      ]
    },
    {
      "fold": 6,
      "accuracy": 0.6775956284153005,
      "precision": 0.677597587010596,
      "recall": 0.6775956284153005,
      "f1": 0.6775763717707382,
      "roc_auc": 0.7118967988533207,
      "cm": [
        [
          61,
          30
        ],
        [
          29,
          63
        ]
      ]
    },
    {
      "fold": 7,
      "accuracy": 0.6994535519125683,
      "precision": 0.7033307311995838,
      "recall": 0.6994535519125683,
      "f1": 0.6978105803103722,
      "roc_auc": 0.7376970855231724,
      "cm": [
        [
          71,
          21
        ],
        [
          34,
          57
        ]
      ]
    },
    {
      "fold": 8,
      "accuracy": 0.7103825136612022,
      "precision": 0.7104249397549469,
      "recall": 0.7103825136612022,
      "f1": 0.7103825136612022,
      "roc_auc": 0.7759197324414715,
      "cm": [
        [
          65,
          27
        ],
        [
          26,
          65
        ]
      ]
    },
    {
      "fold": 9,
      "accuracy": 0.7213114754098361,
      "precision": 0.7213212683863133,
      "recall": 0.7213114754098361,
      "f1": 0.7212948298357229,
      "roc_auc": 0.7847587195413283,
      "cm": [
        [
          67,
          25
        ],
        [
          26,
          65
        ]
      ]
    },
    {
      "fold": 10,
      "accuracy": 0.6939890710382514,
      "precision": 0.6947172311547569,
      "recall": 0.6939890710382514,
      "f1": 0.6936047271681439,
      "roc_auc": 0.7495222169135213,
      "cm": [
        [
          67,
          25
        ],
        [
          31,
          60
        ]
      ]
    }
  ]
}