{
  "decision_tree": {
    "accuracy": 0.9907038512616202,
    "precision": 0.99076670587027,
    "recall": 0.9907038512616202,
    "f1": 0.9906792876401169,
    "auc": 0.9976116993651742,
    "confusion_matrix": [
      [
        52,
        0,
        2
      ],
      [
        0,
        374,
        0
      ],
      [
        0,
        5,
        320
      ]
    ]
  },
  "random_forest": {
    "accuracy": 0.9893758300132802,
    "precision": 0.9894768968150499,
    "recall": 0.9893758300132802,
    "f1": 0.9893290661196812,
    "auc": 0.9999101108864252,
    "confusion_matrix": [
      [
        51,
        1,
        2
      ],
      [
        0,
        374,
        0
      ],
      [
        0,
        5,
        320
      ]
    ]
  },
  "gradient_boosting": {
    "accuracy": 0.9920318725099602,
    "precision": 0.9920576976597583,
    "recall": 0.9920318725099602,
    "f1": 0.9920266328392633,
    "auc": 0.9999168231532954,
    "confusion_matrix": [
      [
        53,
        0,
        1
      ],
      [
        0,
        373,
        1
      ],
      [
        0,
        4,
        321
      ]
    ]
  },
  "xgboost": {
    "accuracy": 0.9920318725099602,
    "precision": 0.9920576976597583,
    "recall": 0.9920318725099602,
    "f1": 0.9920266328392633,
    "auc": 0.9998896987630786,
    "confusion_matrix": [
      [
        53,
        0,
        1
      ],
      [
        0,
        373,
        1
      ],
      [
        0,
        4,
        321
      ]
    ]
  },
  "lightgbm": {
    "accuracy": 0.9933598937583001,
    "precision": 0.9934474941044967,
    "recall": 0.9933598937583001,
    "f1": 0.9933592874734121,
    "auc": 0.9999096436564691,
    "confusion_matrix": [
      [
        53,
        1,
        0
      ],
      [
        0,
        374,
        0
      ],
      [
        0,
        4,
        321
      ]
    ]
  },
  "catboost": {
    "accuracy": 0.9920318725099602,
    "precision": 0.9920659460813022,
    "recall": 0.9920318725099602,
    "f1": 0.9920149623901316,
    "auc": 0.9998458959546965,
    "confusion_matrix": [
      [
        52,
        1,
        1
      ],
      [
        0,
        373,
        1
      ],
      [
        0,
        3,
        322
      ]
    ]
  },
  "logistic_regression": {
    "accuracy": 0.6108897742363878,
    "precision": 0.6093766647072483,
    "recall": 0.6108897742363878,
    "f1": 0.5806783748968543,
    "auc": 0.7169699339668035,
    "confusion_matrix": [
      [
        13,
        9,
        32
      ],
      [
        0,
        327,
        47
      ],
      [
        8,
        197,
        120
      ]
    ]
  },
  "bernoulli_nb": {
    "accuracy": 0.5750332005312085,
    "precision": 0.6186915625071665,
    "recall": 0.5750332005312085,
    "f1": 0.5486381421511045,
    "auc": 0.6865074151182977,
    "confusion_matrix": [
      [
        52,
        0,
        2
      ],
      [
        40,
        290,
        44
      ],
      [
        54,
        180,
        91
      ]
    ]
  }
}