{
  "model_name": "DecisionTree",
  "timestamp": "2025-11-16T21:44:00.797852",
  "n_splits": 10,
  "metrics": {
    "accuracy_mean": 0.7661921708185054,
    "accuracy_std": 0.03090353429233378,
    "f1_mean": 0.7658069396807307,
    "f1_std": 0.03019502510908567,
    "roc_auc_mean": 0.8038078347623211,
    "roc_auc_std": 0.024891745098808277
  }
}