{
  "model_name": "DecisionTree",
  "timestamp": "2025-11-20T13:07:22.352724",
  "n_splits": 10,
  "metrics": {
    "accuracy_mean": 0.7637010676156584,
    "accuracy_std": 0.03163859184468736,
    "precision_mean": 0.764858444577692,
    "precision_std": 0.03010775210464086,
    "recall_mean": 0.7637010676156584,
    "recall_std": 0.03163859184468736,
    "f1_mean": 0.7631253109032944,
    "f1_std": 0.030391437918672642,
    "roc_auc_mean": 0.8029646410617394,
    "roc_auc_std": 0.0244977697971141
  }
}