{
  "model_name": "GradientBoosting",
  "timestamp": "2025-11-20T13:07:22.363726",
  "n_splits": 10,
  "metrics": {
    "accuracy_mean": 0.799644128113879,
    "accuracy_std": 0.02093603712467292,
    "precision_mean": 0.8014658695896388,
    "precision_std": 0.02110355716603179,
    "recall_mean": 0.799644128113879,
    "recall_std": 0.02093603712467292,
    "f1_mean": 0.7995709314636186,
    "f1_std": 0.02109559500799666,
    "roc_auc_mean": 0.9276184625806849,
    "roc_auc_std": 0.010071064464921602
  }
}