{
  "model_name": "GradientBoosting",
  "timestamp": "2025-11-16T21:44:00.804855",
  "n_splits": 10,
  "metrics": {
    "accuracy_mean": 0.8007117437722421,
    "accuracy_std": 0.021588257491961707,
    "f1_mean": 0.8007246707880433,
    "f1_std": 0.02180181080672499,
    "roc_auc_mean": 0.9271647661040557,
    "roc_auc_std": 0.010060430245665782
  }
}