{
  "model_name": "LightGBM",
  "timestamp": "2025-11-16T21:44:00.806856",
  "n_splits": 10,
  "metrics": {
    "accuracy_mean": 0.8142348754448399,
    "accuracy_std": 0.014655701268308894,
    "f1_mean": 0.8145917049371718,
    "f1_std": 0.014820132813608663,
    "roc_auc_mean": 0.9402498154597894,
    "roc_auc_std": 0.008877695077890766
  }
}