{
  "model_name": "LogisticRegression",
  "timestamp": "2025-11-16T21:44:00.800853",
  "n_splits": 10,
  "metrics": {
    "accuracy_mean": 0.6334519572953736,
    "accuracy_std": 0.029986298125182793,
    "f1_mean": 0.6306139566538047,
    "f1_std": 0.030386683316616456,
    "roc_auc_mean": 0.7662524487536878,
    "roc_auc_std": 0.023225824334736692
  }
}