{
  "model_name": "RandomForest",
  "timestamp": "2025-11-16T21:44:00.802856",
  "n_splits": 10,
  "metrics": {
    "accuracy_mean": 0.6754448398576514,
    "accuracy_std": 0.01756435968576948,
    "f1_mean": 0.6507010928876842,
    "f1_std": 0.01865895402725476,
    "roc_auc_mean": 0.8786041483981709,
    "roc_auc_std": 0.011362894225282437
  }
}