{
  "model_name": "RandomForest",
  "timestamp": "2025-11-20T13:07:22.361727",
  "n_splits": 10,
  "metrics": {
    "accuracy_mean": 0.6822064056939501,
    "accuracy_std": 0.02063136375891208,
    "precision_mean": 0.6814076432366799,
    "precision_std": 0.024615877143156297,
    "recall_mean": 0.6822064056939501,
    "recall_std": 0.02063136375891208,
    "f1_mean": 0.6619818721441175,
    "f1_std": 0.020916404979831348,
    "roc_auc_mean": 0.8781161768162073,
    "roc_auc_std": 0.015527546660391928
  }
}