{
  "training_summary": {
    "total_episodes": 100,
    "final_accuracy": 0.4750889679715303,
    "final_reward": 0.28936832740213525,
    "max_accuracy": 0.5315836298932385,
    "max_reward": 0.31205516014234874
  },
  "rl_performance": {
    "accuracy": 0.32562277580071175,
    "f1": 0.17147904452238918,
    "precision": 0.11638470306939502,
    "recall": 0.32562277580071175
  },
  "baseline_performance": {
    "accuracy": 0.8790035587188612,
    "f1": 0.8776665259263727,
    "precision": 0.8778797527626897,
    "recall": 0.8790035587188612
  },
  "improvements": {
    "accuracy": -0.5533807829181494,
    "f1": -0.7061874814039836,
    "precision": -0.7614950496932946,
    "recall": -0.5533807829181494
  }
}