{
  "model_name": "GradientBoosting",
  "timestamp": "2025-11-24T15:17:40.073981",
  "cv_results": {
    "accuracy_mean": 0.830212045616536,
    "accuracy_std": 0.03210326317237506,
    "f1_mean": 0.8300426711696179,
    "f1_std": 0.03213043430686034,
    "roc_auc_mean": 0.9073951863354036,
    "roc_auc_std": 0.01908114086120191
  },
  "test_results": {
    "accuracy": 0.8668122270742358,
    "precision": 0.867379679144385,
    "recall": 0.8668122270742358,
    "f1": 0.8667607769823971,
    "roc_auc": 0.9288057054594687
  },
  "overfitting_analysis": {
    "cv_accuracy": 0.830212045616536,
    "test_accuracy": 0.8668122270742358,
    "gap": -0.03660018145769972,
    "gap_percentage": -4.40853413907281,
    "status": "[GOOD] GENERALIZATION"
  },
  "confusion_matrix": [
    [
      194,
      35
    ],
    [
      26,
      203
    ]
  ],
  "classification_report": {
    "0": {
      "precision": 0.8818181818181818,
      "recall": 0.8471615720524017,
      "f1-score": 0.8641425389755011,
      "support": 229.0
    },
    "1": {
      "precision": 0.8529411764705882,
      "recall": 0.8864628820960698,
      "f1-score": 0.8693790149892933,
      "support": 229.0
    },
    "accuracy": 0.8668122270742358,
    "macro avg": {
      "precision": 0.8673796791443851,
      "recall": 0.8668122270742358,
      "f1-score": 0.8667607769823972,
      "support": 458.0
    },
    "weighted avg": {
      "precision": 0.867379679144385,
      "recall": 0.8668122270742358,
      "f1-score": 0.8667607769823971,
      "support": 458.0
    }
  },
  "fold_reports": [
    {
      "fold": 1,
      "accuracy": 0.8315217391304348,
      "precision": 0.8334521687462864,
      "recall": 0.8315217391304348,
      "f1": 0.8312775460703404,
      "roc_auc": 0.9165288279773156,
      "cm": [
        [
          73,
          19
        ],
        [
          12,
          80
        ]
      ]
    },
    {
      "fold": 2,
      "accuracy": 0.8804347826086957,
      "precision": 0.8806146572104019,
      "recall": 0.8804347826086957,
      "f1": 0.880420654614203,
      "roc_auc": 0.9353733459357277,
      "cm": [
        [
          80,
          12
        ],
        [
          10,
          82
        ]
      ]
    },
    {
      "fold": 3,
      "accuracy": 0.7868852459016393,
      "precision": 0.7872320830214411,
      "recall": 0.7868852459016393,
      "f1": 0.7868470589963208,
      "roc_auc": 0.881868131868132,
      "cm": [
        [
          73,
          18
        ],
        [
          21,
          71
        ]
      ]
    },
    {
      "fold": 4,
      "accuracy": 0.8360655737704918,
      "precision": 0.8360655737704918,
      "recall": 0.8360655737704918,
      "f1": 0.8360655737704918,
      "roc_auc": 0.900023889154324,
      "cm": [
        [
          76,
          15
        ],
        [
          15,
          77
        ]
      ]
    },
    {
      "fold": 5,
      "accuracy": 0.8469945355191257,
      "precision": 0.8495964184607281,
      "recall": 0.8469945355191257,
      "f1": 0.8466647823629169,
      "roc_auc": 0.9286908743430483,
      "cm": [
        [
          73,
          18
        ],
        [
          10,
          82
        ]
      ]
    },
    {
      "fold": 6,
      "accuracy": 0.7923497267759563,
      "precision": 0.7924646859719736,
      "recall": 0.7923497267759563,
      "f1": 0.7923125134653427,
      "roc_auc": 0.9022933588150979,
      "cm": [
        [
          71,
          20
        ],
        [
          18,
          74
        ]
      ]
    },
    {
      "fold": 7,
      "accuracy": 0.7923497267759563,
      "precision": 0.7946995324044503,
      "recall": 0.7923497267759563,
      "f1": 0.7920019870839543,
      "roc_auc": 0.8805542283803153,
      "cm": [
        [
          69,
          23
        ],
        [
          15,
          76
        ]
      ]
    },
    {
      "fold": 8,
      "accuracy": 0.8579234972677595,
      "precision": 0.858642507909117,
      "recall": 0.8579234972677595,
      "f1": 0.8578725737900779,
      "roc_auc": 0.9191352126134735,
      "cm": [
        [
          77,
          15
        ],
        [
          11,
          80
        ]
      ]
    },
    {
      "fold": 9,
      "accuracy": 0.8688524590163934,
      "precision": 0.87175423240997,
      "recall": 0.8688524590163934,
      "f1": 0.8686328339477606,
      "roc_auc": 0.9236741519350214,
      "cm": [
        [
          76,
          16
        ],
        [
          8,
          83
        ]
      ]
    },
    {
      "fold": 10,
      "accuracy": 0.8087431693989071,
      "precision": 0.8118598986108368,
      "recall": 0.8087431693989071,
      "f1": 0.8083311875947703,
      "roc_auc": 0.8858098423315814,
      "cm": [
        [
          70,
          22
        ],
        [
          13,
          78
        ]
      ]
    }
  ]
}