{
  "model_name": "DecisionTree",
  "timestamp": "2025-11-24T15:17:32.920208",
  "cv_results": {
    "accuracy_mean": 0.7783707531480162,
    "accuracy_std": 0.019410746651797903,
    "f1_mean": 0.7782782722232882,
    "f1_std": 0.019412777910819023,
    "roc_auc_mean": 0.8308168792455183,
    "roc_auc_std": 0.025847251857033127
  },
  "test_results": {
    "accuracy": 0.8056768558951966,
    "precision": 0.8058226495726497,
    "recall": 0.8056768558951966,
    "f1": 0.8056536933998922,
    "roc_auc": 0.8283785587612746
  },
  "overfitting_analysis": {
    "cv_accuracy": 0.7783707531480162,
    "test_accuracy": 0.8056768558951966,
    "gap": -0.027306102747180372,
    "gap_percentage": -3.508110066667395,
    "status": "[GOOD] GENERALIZATION"
  },
  "confusion_matrix": [
    [
      182,
      47
    ],
    [
      42,
      187
    ]
  ],
  "classification_report": {
    "0": {
      "precision": 0.8125,
      "recall": 0.7947598253275109,
      "f1-score": 0.8035320088300221,
      "support": 229.0
    },
    "1": {
      "precision": 0.7991452991452992,
      "recall": 0.8165938864628821,
      "f1-score": 0.8077753779697624,
      "support": 229.0
    },
    "accuracy": 0.8056768558951966,
    "macro avg": {
      "precision": 0.8058226495726496,
      "recall": 0.8056768558951966,
      "f1-score": 0.8056536933998922,
      "support": 458.0
    },
    "weighted avg": {
      "precision": 0.8058226495726497,
      "recall": 0.8056768558951966,
      "f1-score": 0.8056536933998922,
      "support": 458.0
    }
  },
  "fold_reports": [
    {
      "fold": 1,
      "accuracy": 0.7989130434782609,
      "precision": 0.8006535947712419,
      "recall": 0.7989130434782609,
      "f1": 0.7986215872452452,
      "roc_auc": 0.8626535916824195,
      "cm": [
        [
          70,
          22
        ],
        [
          15,
          77
        ]
      ]
    },
    {
      "fold": 2,
      "accuracy": 0.782608695652174,
      "precision": 0.7827423167848699,
      "recall": 0.782608695652174,
      "f1": 0.7825830083894599,
      "roc_auc": 0.8331167296786388,
      "cm": [
        [
          71,
          21
        ],
        [
          19,
          73
        ]
      ]
    },
    {
      "fold": 3,
      "accuracy": 0.7650273224043715,
      "precision": 0.7650730120437891,
      "recall": 0.7650273224043715,
      "f1": 0.7650273224043715,
      "roc_auc": 0.8056020066889632,
      "cm": [
        [
          70,
          21
        ],
        [
          22,
          70
        ]
      ]
    },
    {
      "fold": 4,
      "accuracy": 0.7650273224043715,
      "precision": 0.7653545642066705,
      "recall": 0.7650273224043715,
      "f1": 0.7649852188933794,
      "roc_auc": 0.8418537983755374,
      "cm": [
        [
          71,
          20
        ],
        [
          23,
          69
        ]
      ]
    },
    {
      "fold": 5,
      "accuracy": 0.7978142076502732,
      "precision": 0.7980985436766282,
      "recall": 0.7978142076502732,
      "f1": 0.7977417244695545,
      "roc_auc": 0.8429288103201147,
      "cm": [
        [
          71,
          20
        ],
        [
          17,
          75
        ]
      ]
    },
    {
      "fold": 6,
      "accuracy": 0.7814207650273224,
      "precision": 0.7815291924508386,
      "recall": 0.7814207650273224,
      "f1": 0.7813815931214134,
      "roc_auc": 0.803810320114668,
      "cm": [
        [
          70,
          21
        ],
        [
          19,
          73
        ]
      ]
    },
    {
      "fold": 7,
      "accuracy": 0.7595628415300546,
      "precision": 0.7607694555039808,
      "recall": 0.7595628415300546,
      "f1": 0.7593472930375225,
      "roc_auc": 0.8287147634973722,
      "cm": [
        [
          67,
          25
        ],
        [
          19,
          72
        ]
      ]
    },
    {
      "fold": 8,
      "accuracy": 0.8142076502732241,
      "precision": 0.8143800066592239,
      "recall": 0.8142076502732241,
      "f1": 0.8141965542179369,
      "roc_auc": 0.8703416149068324,
      "cm": [
        [
          74,
          18
        ],
        [
          16,
          75
        ]
      ]
    },
    {
      "fold": 9,
      "accuracy": 0.7704918032786885,
      "precision": 0.7709550279505056,
      "recall": 0.7704918032786885,
      "f1": 0.770354636056168,
      "roc_auc": 0.837494027711419,
      "cm": [
        [
          73,
          19
        ],
        [
          23,
          68
        ]
      ]
    },
    {
      "fold": 10,
      "accuracy": 0.7486338797814208,
      "precision": 0.7491698695322508,
      "recall": 0.7486338797814208,
      "f1": 0.7485437843978299,
      "roc_auc": 0.7816531294792165,
      "cm": [
        [
          67,
          25
        ],
        [
          21,
          70
        ]
      ]
    }
  ]
}